id,revenue
3001,3090862.0
3002,580527.0
3003,4719695.0
3004,46488.0
3005,3833507.0
3006,25893810.0
3007,147315.0
3008,133949270.0
3009,25762027.0
3010,660940780.0
3011,696681.0
3012,1700000.0
3013,1000000.0
3014,1100000.0
3015,17425000.0
3016,18315000.0
3017,300400432.0
3018,242295562.0
3019,14056528.0
3020,653428261.0
3021,116980662.0
3022,20158808.0
3023,18.0
3024,101646581.0
3025,6000000.0
3026,54586584.0
3027,350006.0
3028,176997168.0
3029,1100000.0
3030,39340177.0
3031,8844595.0
3032,4600000.0
3033,2608000.0
3034,43719.0
3035,60726164.0
3036,10409377.0
3037,270000000.0
3038,30658387.0
3039,57915972.0
3040,580527.0
3041,61141030.0
3042,25.0
3043,9797098.0
3044,14717854.0
3045,22678555.0
3046,14363400.0
3047,3537961.0
3048,26828365.0
3049,20381995.0
3050,33395426.0
3051,8000000.0
3052,40996665.0
3053,30.0
3054,8500000.0
3055,71000000.0
3056,1718328.0
3057,87528173.0
3058,205366737.0
3059,73000.0
3060,50068310.0
3061,10076790.0
3062,57041866.0
3063,79799880.0
3064,17800000.0
3065,33889159.0
3066,161834276.0
3067,15298355.0
3068,68411275.0
3069,243843127.0
3070,23020.0
3071,4905000.0
3072,604942143.0
3073,6347072.0
3074,989000.0
3075,96060858.0
3076,549368315.0
3077,73326666.0
3078,141591324.0
3079,147780440.0
3080,38502340.0
3081,5000000.0
3082,102617.0
3083,1832541.0
3084,152810.0
3085,32222567.0
3086,63781810.0
3087,18591272.0
3088,10224116.0
3089,100.0
3090,39300000.0
3091,153698625.0
3092,12368234.0
3093,196482882.0
3094,180274123.0
3095,8613462.0
3096,71904.0
3097,1405403694.0
3098,11122090.0
3099,136000000.0
3100,23202734.0
3101,37473.0
3102,4910682.0
3103,3923970.0
3104,331000.0
3105,132274484.0
3106,5989640.0
3107,92180910.0
3108,292279.0
3109,12368234.0
3110,331957105.0
3111,310000000.0
3112,13022756.0
3113,26888376.0
3114,14624826.0
3115,70136369.0
3116,24078196.0
3117,23042200.0
3118,6193901.0
3119,286140700.0
3120,171120329.0
3121,5310554.0
3122,3000000.0
3123,171760.0
3124,5000000.0
3125,100544.0
3126,17425000.0
3127,24134.0
3128,46069568.0
3129,356830601.0
3130,24078196.0
3131,194720.0
3132,5900000.0
3133,14000000.0
3134,46405336.0
3135,25.0
3136,10229331.0
3137,91188905.0
3138,1404.0
3139,18000000.0
3140,29252978.0
3141,31179516.0
3142,2452566.0
3143,235666219.0
3144,27187375.0
3145,93600000.0
3146,393816.0
3147,82703.0
3148,923.0
3149,8342132.0
3150,95673607.0
3151,3775000.0
3152,18814720.0
3153,21830957.0
3154,3485127.0
3155,51416464.0
3156,30448000.0
3157,8844595.0
3158,140795793.0
3159,21520719.0
3160,4600000.0
3161,5262047.0
3162,17953778.0
3163,46089287.0
3164,6861102.0
3165,2334228.0
3166,3554460.0
3167,74558115.0
3168,9833553.0
3169,57041866.0
3170,13129846.0
3171,1982505.0
3172,24902723.0
3173,1622164.0
3174,17514553.0
3175,13885802.0
3176,48878502.0
3177,135680000.0
3178,10400000.0
3179,53447.0
3180,23598.0
3181,64227.0
3182,142337240.0
3183,13276953.0
3184,11715321.0
3185,44806783.0
3186,97594140.0
3187,25893810.0
3188,10652498.0
3189,180274123.0
3190,32846.0
3191,9868942.0
3192,5310554.0
3193,171539887.0
3194,57881056.0
3195,928391.0
3196,76657000.0
3197,1053788.0
3198,96889998.0
3199,886686817.0
3200,12308521.0
3201,80768.0
3202,6500000.0
3203,671.0
3204,3960327.0
3205,694497.0
3206,22490039.0
3207,5496951.0
3208,9304609.0
3209,12000000.0
3210,142337240.0
3211,858591.0
3212,117760134.0
3213,373554033.0
3214,8200000.0
3215,6892098.0
3216,18197398.0
3217,325756637.0
3218,2293798.0
3219,16017403.0
3220,171539887.0
3221,7022209.0
3222,14947.0
3223,83027924.0
3224,8000000.0
3225,7985929.0
3226,553198.0
3227,49627779.0
3228,102000000.0
3229,169852759.0
3230,49797148.0
3231,16757163.0
3232,638641.0
3233,161001698.0
3234,32.0
3235,13168027.0
3236,120620.0
3237,18564088.0
3238,2899975.0
3239,33082548.0
3240,333011068.0
3241,3090862.0
3242,3956913.0
3243,918239.0
3244,1878561.0
3245,3537961.0
3246,31327899.0
3247,770706.0
3248,69823199.0
3249,6916869.0
3250,498814908.0
3251,10018.0
3252,76578641.0
3253,54837234.0
3254,12277096.0
3255,140021.0
3256,133432856.0
3257,40940662.0
3258,80768.0
3259,85306374.0
3260,4630045.0
3261,631442092.0
3262,90614445.0
3263,170000.0
3264,3206713.0
3265,989000.0
3266,1100000.0
3267,20256975.0
3268,314195.0
3269,8247943.0
3270,9771658.0
3271,4947717.0
3272,204940.0
3273,4491986.0
3274,788241776.0
3275,33395426.0
3276,1192322.0
3277,31000000.0
3278,87784194.0
3279,20710451.0
3280,164508066.0
3281,202000.0
3282,31576.0
3283,461983149.0
3284,34967437.0
3285,147780440.0
3286,11449638.0
3287,34327391.0
3288,23.0
3289,13060843.0
3290,77737889.0
3291,3646994.0
3292,330579719.0
3293,57059003.0
3294,11122090.0
3295,8200000.0
3296,7424.0
3297,1500000.0
3298,180274123.0
3299,216166.0
3300,41637263.0
3301,21350.0
3302,3221152.0
3303,9234510.0
3304,13835130.0
3305,73244881.0
3306,609524.0
3307,51973029.0
3308,20719451.0
3309,1301696.0
3310,14697005.0
3311,580527.0
3312,20000000.0
3313,229736344.0
3314,36611610.0
3315,80049764.0
3316,17374595.0
3317,43579163.0
3318,10.0
3319,52761.0
3320,20079850.0
3321,31000.0
3322,17277.0
3323,207515725.0
3324,4710749.0
3325,180274123.0
3326,196482882.0
3327,51416464.0
3328,6500000.0
3329,8349430.0
3330,182379278.0
3331,13769.0
3332,7237794.0
3333,113493481.0
3334,4000000.0
3335,68915888.0
3336,49084830.0
3337,671.0
3338,1832541.0
3339,8143225.0
3340,132820716.0
3341,1289998.0
3342,96060858.0
3343,79799880.0
3344,19184015.0
3345,4417667.0
3346,153698625.0
3347,1750211.0
3348,15000000.0
3349,109502303.0
3350,262797249.0
3351,119772232.0
3352,2736000.0
3353,920100000.0
3354,553198.0
3355,3554460.0
3356,11130889.0
3357,5900000.0
3358,5596708.0
3359,7237794.0
3360,6263883.0
3361,105178561.0
3362,9012000.0
3363,10785801.0
3364,38862717.0
3365,230069.0
3366,34808403.0
3367,170268750.0
3368,989000.0
3369,32056467.0
3370,82719885.0
3371,101646581.0
3372,248000000.0
3373,23057115.0
3374,4235151.0
3375,55707411.0
3376,40996665.0
3377,11220670.0
3378,19000000.0
3379,164000000.0
3380,18552460.0
3381,102617.0
3382,93000.0
3383,152961.0
3384,4634062.0
3385,100230832.0
3386,35610100.0
3387,8026971.0
3388,415252786.0
3389,531865000.0
3390,1805884.0
3391,10400000.0
3392,21520719.0
3393,100523181.0
3394,211780824.0
3395,190458706.0
3396,6086508.0
3397,404785.0
3398,330579719.0
3399,50068310.0
3400,72266306.0
3401,22424195.0
3402,10676194.0
3403,276921998.0
3404,985007.0
3405,4409328.0
3406,102000000.0
3407,258022233.0
3408,24902723.0
3409,16656125.0
3410,100525432.0
3411,60740827.0
3412,27187375.0
3413,2154540.0
3414,1.0
3415,9250000.0
3416,422.0
3417,98185582.0
3418,231411584.0
3419,276572938.0
3420,1479042.0
3421,13878334.0
3422,300653.0
3423,331957105.0
3424,750000.0
3425,4630045.0
3426,1982505.0
3427,13000000.0
3428,1000000.0
3429,5659286.0
3430,1506249360.0
3431,5790448.0
3432,31584901.0
3433,26330482.0
3434,1984662.0
3435,286140700.0
3436,408247917.0
3437,215339.0
3438,2000000.0
3439,186438883.0
3440,133949270.0
3441,31670620.0
3442,694438.0
3443,6500000.0
3444,750000.0
3445,147880543.0
3446,13983.0
3447,29235353.0
3448,70906973.0
3449,9012000.0
3450,8459458.0
3451,23057115.0
3452,875386.0
3453,78378744.0
3454,15379253.0
3455,72266306.0
3456,132820716.0
3457,34522221.0
3458,14016568.0
3459,1506249360.0
3460,16519460.0
3461,129795554.0
3462,35856053.0
3463,84601681.0
3464,43719.0
3465,42333295.0
3466,46089287.0
3467,852336.0
3468,332000000.0
3469,21520719.0
3470,1622164.0
3471,1000000.0
3472,485772.0
3473,229736344.0
3474,39673162.0
3475,243843127.0
3476,404.0
3477,129042871.0
3478,228136.0
3479,114178613.0
3480,7390108.0
3481,64227.0
3482,2070806.0
3483,1612100.0
3484,6347072.0
3485,75505856.0
3486,119940815.0
3487,53478166.0
3488,103911669.0
3489,188126.0
3490,83061158.0
3491,10785801.0
3492,2861020.0
3493,8613462.0
3494,19910002.0
3495,60965854.0
3496,13022756.0
3497,28000000.0
3498,1500000.0
3499,19472057.0
3500,10.0
3501,12342632.0
3502,67642693.0
3503,46488.0
3504,78309131.0
3505,867714.0
3506,35287788.0
3507,242688965.0
3508,13200241.0
3509,21830957.0
3510,4073489.0
3511,48093211.0
3512,78000586.0
3513,9012000.0
3514,82703.0
3515,2019009.0
3516,56574.0
3517,1506249360.0
3518,85306374.0
3519,41410568.0
3520,12277096.0
3521,7100000.0
3522,11806119.0
3523,4300000.0
3524,91636986.0
3525,182379278.0
3526,1053788.0
3527,41410568.0
3528,2297493.0
3529,1123746996.0
3530,48093211.0
3531,1400000.0
3532,13204291.0
3533,153698625.0
3534,3301446.0
3535,262797249.0
3536,161000000.0
3537,330444045.0
3538,13000000.0
3539,147780440.0
3540,10442808.0
3541,209696.0
3542,62000000.0
3543,1347988.0
3544,40996665.0
3545,1189612.0
3546,11220670.0
3547,91188905.0
3548,1028570889.0
3549,17000000.0
3550,609123048.0
3551,313542341.0
3552,495303.0
3553,103911669.0
3554,222231186.0
3555,152930623.0
3556,333000000.0
3557,7820688.0
3558,91188905.0
3559,505000000.0
3560,311.0
3561,196114570.0
3562,25345000.0
3563,14697005.0
3564,7218340.0
3565,5900000.0
3566,18800000.0
3567,40940662.0
3568,8176544.0
3569,134748021.0
3570,2945242.0
3571,133949270.0
3572,188133322.0
3573,16017403.0
3574,204940.0
3575,6147.0
3576,14048372.0
3577,15500000.0
3578,3646994.0
3579,50750000.0
3580,1982505.0
3581,213954274.0
3582,58662452.0
3583,1400000.0
3584,47748.0
3585,117719158.0
3586,209696.0
3587,21830957.0
3588,24078196.0
3589,19472057.0
3590,57041866.0
3591,448000000.0
3592,346297.0
3593,17487531.0
3594,300653.0
3595,1832541.0
3596,14048372.0
3597,4631.0
3598,34533783.0
3599,22471595.0
3600,3897569.0
3601,36000000.0
3602,107559.0
3603,14980005.0
3604,846704.0
3605,20566327.0
3606,1519796.0
3607,4634062.0
3608,91188905.0
3609,7965.0
3610,8613462.0
3611,119919.0
3612,14743391.0
3613,20710451.0
3614,91974818.0
3615,3500605.0
3616,6834525.0
3617,24600832.0
3618,105610124.0
3619,671.0
3620,170128460.0
3621,102000000.0
3622,171539887.0
3623,152930623.0
3624,121129.0
3625,3418141.0
3626,123384128.0
3627,3533227.0
3628,616801808.0
3629,3218666.0
3630,1.0
3631,56702901.0
3632,61700000.0
3633,30536013.0
3634,4314688.0
3635,21107746.0
3636,10006806.0
3637,4400000.0
3638,20566327.0
3639,163733697.0
3640,850000000.0
3641,14393902.0
3642,21520719.0
3643,9229401.0
3644,3485127.0
3645,216614388.0
3646,125728258.0
3647,136150434.0
3648,18000000.0
3649,3000000.0
3650,13168027.0
3651,205366737.0
3652,7985929.0
3653,204594016.0
3654,14393902.0
3655,10652498.0
3656,13101672.0
3657,50673078.0
3658,25.0
3659,28258060.0
3660,788241776.0
3661,21706101.0
3662,53208180.0
3663,202026112.0
3664,314195.0
3665,2945242.0
3666,9221.0
3667,139804348.0
3668,4001121.0
3669,1046166.0
3670,413454.0
3671,194720.0
3672,140081992.0
3673,196482882.0
3674,3305592.0
3675,300257475.0
3676,107196498.0
3677,32230907.0
3678,59217789.0
3679,278300000.0
3680,10000000.0
3681,105097.0
3682,103951461.0
3683,20666.0
3684,57881056.0
3685,105200903.0
3686,3151130.0
3687,208076205.0
3688,2260622.0
3689,1009620.0
3690,37000000.0
3691,2804874.0
3692,3554460.0
3693,15395087.0
3694,333000000.0
3695,170128460.0
3696,47000000.0
3697,97837138.0
3698,278019771.0
3699,2594000.0
3700,44695.0
3701,22540359.0
3702,928391.0
3703,54674226.0
3704,117760134.0
3705,777423.0
3706,235483004.0
3707,5588800.0
3708,20342161.0
3709,245623848.0
3710,5979292.0
3711,1501785.0
3712,1037335.0
3713,42333295.0
3714,100.0
3715,16829545.0
3716,10400000.0
3717,928391.0
3718,5588800.0
3719,30411183.0
3720,3960327.0
3721,1600000.0
3722,60740827.0
3723,5777916.0
3724,33697647.0
3725,65088797.0
3726,1277401.0
3727,14828081.0
3728,73648228.0
3729,3000000.0
3730,39340177.0
3731,195745823.0
3732,6321392.0
3733,311312624.0
3734,300257475.0
3735,23.0
3736,7390108.0
3737,5777916.0
3738,696681.0
3739,426224.0
3740,171760.0
3741,2042530.0
3742,178051587.0
3743,32222567.0
3744,77920346.0
3745,117719158.0
3746,47267001.0
3747,121129.0
3748,7993039.0
3749,382267.0
3750,15.0
3751,3305592.0
3752,3867000.0
3753,129795554.0
3754,8266343.0
3755,192452832.0
3756,20710451.0
3757,585349010.0
3758,357852395.0
3759,216166.0
3760,67631903.0
3761,18928871.0
3762,206172544.0
3763,777423.0
3764,8613462.0
3765,523511.0
3766,5129058.0
3767,2899975.0
3768,27200000.0
3769,1261947.0
3770,13101672.0
3771,116400000.0
3772,9234510.0
3773,23000000.0
3774,5596708.0
3775,205754447.0
3776,55707411.0
3777,11000000.0
3778,168180.0
3779,1519796.0
3780,3117985.0
3781,153698625.0
3782,130000.0
3783,11466088.0
3784,4000000.0
3785,372234864.0
3786,181466833.0
3787,121790373.0
3788,616801808.0
3789,60726164.0
3790,10013424.0
3791,42700000.0
3792,41232.0
3793,14836.0
3794,2019009.0
3795,616801808.0
3796,2459895.0
3797,125728258.0
3798,4409328.0
3799,3091922.0
3800,485772.0
3801,40263020.0
3802,25000000.0
3803,1479042.0
3804,306.0
3805,457163.0
3806,114194847.0
3807,11567217.0
3808,216166.0
3809,37664855.0
3810,25893810.0
3811,22642033.0
3812,3202000.0
3813,235432.0
3814,14681192.0
3815,57330873.0
3816,26155781.0
3817,229400000.0
3818,196781193.0
3819,1317657.0
3820,46216641.0
3821,90259536.0
3822,2474000.0
3823,1500000.0
3824,4630045.0
3825,11576431.0
3826,114908830.0
3827,54744738.0
3828,115103979.0
3829,4275.0
3830,38748395.0
3831,4.0
3832,352927224.0
3833,22044277.0
3834,25966555.0
3835,216166.0
3836,1046166.0
3837,15400000.0
3838,252434250.0
3839,23202734.0
3840,44352417.0
3841,23570541.0
3842,7022209.0
3843,8613462.0
3844,473993.0
3845,70.0
3846,3833507.0
3847,17277.0
3848,14743391.0
3849,178051587.0
3850,18803648.0
3851,16519460.0
3852,1238080.0
3853,30353232.0
3854,12277096.0
3855,15.0
3856,15309302.0
3857,1506249360.0
3858,13983.0
3859,773228.0
3860,41205099.0
3861,16209459.0
3862,605562.0
3863,188441614.0
3864,373554033.0
3865,46216641.0
3866,14717854.0
3867,54249294.0
3868,572809.0
3869,196114570.0
3870,178051587.0
3871,1506249360.0
3872,11403529.0
3873,18000000.0
3874,1543112.0
3875,333000000.0
3876,60.0
3877,32056467.0
3878,15395087.0
3879,202026112.0
3880,20719451.0
3881,1300000.0
3882,4122748.0
3883,3867000.0
3884,44000000.0
3885,62000000.0
3886,123384128.0
3887,3000000.0
3888,1980338.0
3889,422.0
3890,77920346.0
3891,5476060.0
3892,20381995.0
3893,448000000.0
3894,120081841.0
3895,48878502.0
3896,32483410.0
3897,6575282.0
3898,24188922.0
3899,1506249360.0
3900,248000000.0
3901,12277096.0
3902,671.0
3903,34710627.0
3904,22175908.0
3905,13269963.0
3906,82466670.0
3907,300653.0
3908,494506.0
3909,130000.0
3910,14980005.0
3911,1268395.0
3912,17297244.0
3913,87416021.0
3914,1461989.0
3915,3324330.0
3916,1100000.0
3917,49579269.0
3918,14000.0
3919,114908830.0
3920,2128186.0
3921,5588800.0
3922,777423.0
3923,36606743.0
3924,59217789.0
3925,333011068.0
3926,1406224.0
3927,36779296.0
3928,29762011.0
3929,153698625.0
3930,44695.0
3931,22471595.0
3932,10000000.0
3933,5080409.0
3934,333000000.0
3935,31894.0
3936,73000.0
3937,205754447.0
3938,24078196.0
3939,40855419.0
3940,3867000.0
3941,4600000.0
3942,311312624.0
3943,1506249360.0
3944,8679814.0
3945,495303.0
3946,3021629.0
3947,40346186.0
3948,7096000.0
3949,985007.0
3950,11576431.0
3951,14743391.0
3952,100914445.0
3953,37000000.0
3954,1028570889.0
3955,7286388.0
3956,95149435.0
3957,129795554.0
3958,2750275.0
3959,453079.0
3960,346297.0
3961,100914445.0
3962,10000000.0
3963,40084041.0
3964,1123746996.0
3965,182379278.0
3966,7227038.0
3967,498814908.0
3968,84772742.0
3969,188126.0
3970,292279.0
3971,1044824.0
3972,20374201.0
3973,16519460.0
3974,11276.0
3975,15395087.0
3976,136000000.0
3977,170268750.0
3978,29762011.0
3979,1192322.0
3980,4367497.0
3981,4291965.0
3982,7022209.0
3983,103166989.0
3984,549368315.0
3985,21520719.0
3986,1519557910.0
3987,17380126.0
3988,13380561.0
3989,4073489.0
3990,18704595.0
3991,228136.0
3992,102780.0
3993,14166853.0
3994,36894225.0
3995,13000000.0
3996,48572000.0
3997,5809330.0
3998,50068310.0
3999,9234510.0
4000,5446000.0
4001,25000000.0
4002,10166502.0
4003,320092.0
4004,8459458.0
4005,500000.0
4006,46069568.0
4007,2346150.0
4008,419953.0
4009,22896728.0
4010,1486992.0
4011,11715321.0
4012,262797249.0
4013,23367586.0
4014,17487531.0
4015,185260553.0
4016,100525432.0
4017,49797148.0
4018,88058786.0
4019,132511035.0
4020,3.0
4021,98185582.0
4022,1519796.0
4023,32287044.0
4024,39946780.0
4025,9188.0
4026,16633035.0
4027,62771059.0
4028,11000000.0
4029,119919.0
4030,12008642.0
4031,9450897.0
4032,589244.0
4033,1718328.0
4034,11129057.0
4035,47042000.0
4036,580527.0
4037,741766.0
4038,3003.0
4039,25434291.0
4040,4040588.0
4041,21300000.0
4042,48418160.0
4043,6000000.0
4044,141591324.0
4045,82719885.0
4046,12382362.0
4047,209154322.0
4048,3151130.0
4049,14353.0
4050,7897645.0
4051,209154322.0
4052,11715321.0
4053,12277096.0
4054,1672730.0
4055,40590000.0
4056,3485127.0
4057,80551.0
4058,248000000.0
4059,11000000.0
4060,180622424.0
4061,90259536.0
4062,17425000.0
4063,11176469.0
4064,373062864.0
4065,330444045.0
4066,3384747.0
4067,7847000.0
4068,1929168.0
4069,10785801.0
4070,2850263.0
4071,16627188.0
4072,15000.0
4073,44350926.0
4074,3.0
4075,11403529.0
4076,50000000.0
4077,698491347.0
4078,25000000.0
4079,188441614.0
4080,9188.0
4081,163000.0
4082,196482882.0
4083,3646994.0
4084,16928137.0
4085,35856053.0
4086,71561644.0
4087,6775121.0
4088,21409028.0
4089,2697930.0
4090,846704.0
4091,25035950.0
4092,34533783.0
4093,17425000.0
4094,2891288.0
4095,3324330.0
4096,16337881.0
4097,40105542.0
4098,1832541.0
4099,56825.0
4100,23057115.0
4101,6819587.0
4102,10000000.0
4103,38748395.0
4104,17986781.0
4105,311245.0
4106,188126.0
4107,12277096.0
4108,153698625.0
4109,12413650.0
4110,24793509.0
4111,393816.0
4112,2697930.0
4113,11567217.0
4114,788241776.0
4115,6892098.0
4116,7820688.0
4117,2402459.0
4118,270000000.0
4119,22044277.0
4120,17000000.0
4121,5900000.0
4122,144000000.0
4123,4122748.0
4124,97594140.0
4125,11176469.0
4126,6856989.0
4127,125.0
4128,22886222.0
4129,35456.0
4130,11576431.0
4131,108103450.0
4132,25035950.0
4133,15400000.0
4134,2000000.0
4135,51684798.0
4136,876688482.0
4137,17297244.0
4138,11341016.0
4139,42000000.0
4140,11000000.0
4141,11806119.0
4142,231411584.0
4143,83061158.0
4144,973525.0
4145,27092880.0
4146,5249225.0
4147,17000000.0
4148,29010817.0
4149,21665468.0
4150,6347072.0
4151,126.0
4152,100525432.0
4153,13168027.0
4154,11000000.0
4155,65497208.0
4156,15992615.0
4157,6892098.0
4158,40590000.0
4159,21284514.0
4160,631442092.0
4161,20000000.0
4162,46488.0
4163,38502340.0
4164,47748.0
4165,4367497.0
4166,4069826.0
4167,5446000.0
4168,1984662.0
4169,750000.0
4170,3384747.0
4171,357852395.0
4172,37000000.0
4173,3000000.0
4174,10499694.0
4175,25000000.0
4176,21000000.0
4177,320395.0
4178,331957105.0
4179,1919197.0
4180,163733697.0
4181,90614445.0
4182,5900000.0
4183,73180723.0
4184,28900000.0
4185,24078196.0
4186,2003822.0
4187,40272135.0
4188,40590000.0
4189,25.0
4190,4275.0
4191,35022.0
4192,5255.0
4193,173000000.0
4194,65754228.0
4195,36611610.0
4196,129795554.0
4197,5809330.0
4198,500000.0
4199,21107746.0
4200,60965854.0
4201,56505065.0
4202,11466088.0
4203,209696.0
4204,156822020.0
4205,9138338.0
4206,21028755.0
4207,371940071.0
4208,531865000.0
4209,39673162.0
4210,124827316.0
4211,216614388.0
4212,1123746996.0
4213,31000.0
4214,5206.0
4215,2293798.0
4216,2070806.0
4217,42160849.0
4218,20566327.0
4219,10113733.0
4220,13276953.0
4221,1347988.0
4222,3.0
4223,124827316.0
4224,6263883.0
4225,10652498.0
4226,205703818.0
4227,39946780.0
4228,147542.0
4229,97437106.0
4230,6916869.0
4231,17297244.0
4232,4910682.0
4233,32483410.0
4234,82719885.0
4235,10462500.0
4236,3117985.0
4237,16656125.0
4238,40346186.0
4239,192330738.0
4240,171120329.0
4241,57284237.0
4242,11798616.0
4243,750000.0
4244,8342132.0
4245,1796389.0
4246,1841260.0
4247,51881013.0
4248,3775000.0
4249,15691192.0
4250,85446075.0
4251,120680.0
4252,170268750.0
4253,109502303.0
4254,20158808.0
4255,48572000.0
4256,660940780.0
4257,176885658.0
4258,100491683.0
4259,3903479.0
4260,32287044.0
4261,3305592.0
4262,23859.0
4263,4710749.0
4264,1028570889.0
4265,23570541.0
4266,5979292.0
4267,9317021.0
4268,7390108.0
4269,74918.0
4270,758539785.0
4271,11466088.0
4272,7406.0
4273,101300000.0
4274,18704595.0
4275,38290723.0
4276,7800000.0
4277,32056467.0
4278,101300000.0
4279,3646994.0
4280,750000.0
4281,7778177.0
4282,1803009.0
4283,4878242.0
4284,6000000.0
4285,4275.0
4286,1028570889.0
4287,132675402.0
4288,24902723.0
4289,30353232.0
4290,69823199.0
4291,3692836.0
4292,852336.0
4293,17092453.0
4294,56359980.0
4295,29762011.0
4296,20211394.0
4297,248000000.0
4298,35022.0
4299,37473.0
4300,135680000.0
4301,29235353.0
4302,42647449.0
4303,10499694.0
4304,4600000.0
4305,52287414.0
4306,72778712.0
4307,1100000.0
4308,21350.0
4309,51881013.0
4310,6321392.0
4311,243000.0
4312,40903593.0
4313,29252978.0
4314,1400000.0
4315,158733820.0
4316,162360636.0
4317,346297.0
4318,78874843.0
4319,2012927.0
4320,39946780.0
4321,68915888.0
4322,1189612.0
4323,5900000.0
4324,605562.0
4325,25000000.0
4326,11472454.0
4327,156822020.0
4328,12382362.0
4329,263635.0
4330,1506249360.0
4331,23367586.0
4332,185260553.0
4333,13022756.0
4334,71561644.0
4335,85167639.0
4336,64437847.0
4337,1100000.0
4338,114178613.0
4339,165615285.0
4340,9229401.0
4341,16217773.0
4342,14000.0
4343,5080409.0
4344,4800080.0
4345,2303.0
4346,69307224.0
4347,135130999.0
4348,6166819.0
4349,886686817.0
4350,1213880.0
4351,171539887.0
4352,609524.0
4353,90565421.0
4354,14048372.0
4355,77000000.0
4356,11576431.0
4357,229400000.0
4358,25196249.0
4359,231411584.0
4360,32483410.0
4361,26155781.0
4362,7096000.0
4363,40263020.0
4364,186438883.0
4365,5262047.0
4366,23367586.0
4367,3646994.0
4368,65754228.0
4369,8138788.0
4370,138259062.0
4371,103911669.0
4372,20275812.0
4373,7865.0
4374,141195658.0
4375,500000.0
4376,31894.0
4377,1822250.0
4378,248000000.0
4379,161451538.0
4380,12000000.0
4381,73648228.0
4382,373062864.0
4383,311312624.0
4384,24377151.0
4385,126.0
4386,351692268.0
4387,136150434.0
4388,96060858.0
4389,473226958.0
4390,7096000.0
4391,343786.0
4392,225990978.0
4393,1317657.0
4394,100914445.0
4395,1999955.0
4396,102820008.0
4397,20710451.0
4398,230884728.0
4399,4710749.0
4400,6101904.0
4401,30.0
4402,120000.0
4403,27122040.0
4404,56505065.0
4405,15656193.0
4406,17000000.0
4407,1.0
4408,4367497.0
4409,202000.0
4410,1548955.0
4411,1614266.0
4412,73648228.0
4413,10736401.0
4414,429766.0
4415,39946780.0
4416,10.0
4417,8574339.0
4418,15.0
4419,2154540.0
4420,616801808.0
4421,8153677.0
4422,641100.0
4423,6538177.0
4424,1192322.0
4425,117235147.0
4426,103911669.0
4427,43493123.0
4428,589304.0
4429,485772.0
4430,1469.0
4431,10000000.0
4432,262797249.0
4433,354248063.0
4434,173000000.0
4435,1163967.0
4436,1300000.0
4437,6086508.0
4438,1469.0
4439,19472057.0
4440,5741608.0
4441,116400000.0
4442,71904.0
4443,263635.0
4444,204.0
4445,4100000.0
4446,179943.0
4447,107196498.0
4448,57041866.0
4449,11000000.0
4450,195745823.0
4451,631442092.0
4452,40272135.0
4453,9190819.0
4454,1300000.0
4455,37884.0
4456,163403799.0
4457,9713500.0
4458,1718328.0
4459,9114264.0
4460,3537961.0
4461,120081841.0
4462,87987055.0
4463,14000.0
4464,40346186.0
4465,3696232.0
4466,6321392.0
4467,1862805.0
4468,3956913.0
4469,42333295.0
4470,13000000.0
4471,320092.0
4472,56702901.0
4473,17808.0
4474,101191884.0
4475,125400.0
4476,263635.0
4477,73244881.0
4478,9713500.0
4479,9318.0
4480,15395087.0
4481,29235353.0
4482,21134374.0
4483,900000.0
4484,5310554.0
4485,10442808.0
4486,22490039.0
4487,11642254.0
4488,37000000.0
4489,59389433.0
4490,3554460.0
4491,25035950.0
4492,19000000.0
4493,773228.0
4494,76578641.0
4495,9229401.0
4496,10652498.0
4497,2692037.0
4498,100525432.0
4499,1675484.0
4500,114908830.0
4501,157387195.0
4502,14717854.0
4503,850000000.0
4504,8685526.0
4505,5741608.0
4506,42277365.0
4507,120620.0
4508,3261638.0
4509,228136.0
4510,51000000.0
4511,105178561.0
4512,15504.0
4513,83061158.0
4514,4267218.0
4515,164508066.0
4516,29235353.0
4517,23450000.0
4518,227817248.0
4519,333000000.0
4520,31179516.0
4521,5809330.0
4522,5496951.0
4523,7011317.0
4524,23020.0
4525,3983997.0
4526,3692836.0
4527,29010817.0
4528,46264384.0
4529,4367497.0
4530,20079850.0
4531,2279000.0
4532,7339398.0
4533,20566327.0
4534,453079.0
4535,14567883.0
4536,2000000.0
4537,15369573.0
4538,34786960.0
4539,3832228.0
4540,229736344.0
4541,40239.0
4542,44065653.0
4543,85416905.0
4544,340911.0
4545,11567217.0
4546,25.0
4547,35022.0
4548,13000000.0
4549,486937.0
4550,30668.0
4551,1004558444.0
4552,23057115.0
4553,14782676.0
4554,631442092.0
4555,1675484.0
4556,38748395.0
4557,36489888.0
4558,85306374.0
4559,39673162.0
4560,41597830.0
4561,231411584.0
4562,538000.0
4563,104399548.0
4564,100.0
4565,5099316.0
4566,85446075.0
4567,119946358.0
4568,1347747.0
4569,6500000.0
4570,35150960.0
4571,9000000.0
4572,6819587.0
4573,413454.0
4574,268431.0
4575,4129250.0
4576,3193102.0
4577,46264384.0
4578,25312387.0
4579,34585416.0
4580,135680000.0
4581,2474000.0
4582,82150642.0
4583,102000000.0
4584,9700000.0
4585,56702901.0
4586,83027924.0
4587,200406.0
4588,333011068.0
4589,9500000.0
4590,604942143.0
4591,10011050.0
4592,120680.0
4593,43719.0
4594,61141030.0
4595,202026112.0
4596,448000000.0
4597,14980005.0
4598,415252786.0
4599,24600832.0
4600,35022.0
4601,23619609.0
4602,125728258.0
4603,3696232.0
4604,47748.0
4605,473226958.0
4606,29762011.0
4607,3916303.0
4608,1751330.0
4609,7900000.0
4610,117698894.0
4611,103911669.0
4612,59217789.0
4613,19158074.0
4614,6585516.0
4615,21107746.0
4616,70.0
4617,9771658.0
4618,14836.0
4619,3537961.0
4620,17000000.0
4621,171539887.0
4622,5979292.0
4623,296000000.0
4624,8000000.0
4625,28900000.0
4626,21134374.0
4627,26279000.0
4628,1519796.0
4629,2227000.0
4630,8844595.0
4631,3566637.0
4632,4267218.0
4633,4878242.0
4634,126.0
4635,718490.0
4636,160638883.0
4637,3106835.0
4638,47000000.0
4639,2691899.0
4640,68411275.0
4641,2200000.0
4642,16324573.0
4643,5989640.0
4644,1479042.0
4645,14836.0
4646,1519557910.0
4647,120680.0
4648,163000.0
4649,30353232.0
4650,41597830.0
4651,18928871.0
4652,698491347.0
4653,2012927.0
4654,63833449.0
4655,332000000.0
4656,553198.0
4657,253625427.0
4658,25000000.0
4659,3692836.0
4660,13101672.0
4661,2040920.0
4662,4367497.0
4663,3537961.0
4664,21107746.0
4665,6819587.0
4666,495303.0
4667,373554033.0
4668,6321392.0
4669,76578911.0
4670,96060858.0
4671,21722776.0
4672,7306.0
4673,76000000.0
4674,25034000.0
4675,2000000.0
4676,442965.0
4677,31894.0
4678,419953.0
4679,1622164.0
4680,10.0
4681,57915972.0
4682,589244.0
4683,15.0
4684,1805884.0
4685,8459458.0
4686,10229331.0
4687,7282851.0
4688,39459427.0
4689,6538177.0
4690,4910682.0
4691,81705746.0
4692,300859.0
4693,36489888.0
4694,20957001.0
4695,32726956.0
4696,23570541.0
4697,34808403.0
4698,25147055.0
4699,23000.0
4700,91188905.0
4701,278731369.0
4702,9304609.0
4703,2594000.0
4704,100659.0
4705,23057115.0
4706,26250020.0
4707,12.0
4708,13818181.0
4709,119919.0
4710,164508066.0
4711,1000000.0
4712,44566.0
4713,315156409.0
4714,3721911.0
4715,331000.0
4716,17277.0
4717,20079850.0
4718,1000000.0
4719,58662452.0
4720,22707064.0
4721,31000.0
4722,227799884.0
4723,4000000.0
4724,134748021.0
4725,3099314.0
4726,6659377.0
4727,58510.0
4728,153083102.0
4729,56714147.0
4730,41232.0
4731,100489151.0
4732,210000000.0
4733,1.0
4734,193772504.0
4735,38748395.0
4736,985007.0
4737,51881013.0
4738,8000000.0
4739,70200000.0
4740,435000000.0
4741,94633.0
4742,97437106.0
4743,263635.0
4744,35456.0
4745,631442092.0
4746,147780440.0
4747,15992615.0
4748,25480490.0
4749,2474000.0
4750,32846.0
4751,18928871.0
4752,21134374.0
4753,10400000.0
4754,435000000.0
4755,83027924.0
4756,48878502.0
4757,161626121.0
4758,171963386.0
4759,209154322.0
4760,269823.0
4761,8349430.0
4762,5262047.0
4763,429766.0
4764,331957105.0
4765,25345000.0
4766,32287044.0
4767,8613462.0
4768,58405313.0
4769,34533783.0
4770,37000000.0
4771,356830601.0
4772,3485127.0
4773,22471595.0
4774,248392.0
4775,346297.0
4776,393816.0
4777,333011068.0
4778,186438883.0
4779,48720000.0
4780,549368315.0
4781,12413650.0
4782,53208180.0
4783,1044824.0
4784,419953.0
4785,40272135.0
4786,70200000.0
4787,36779296.0
4788,157100845.0
4789,10400000.0
4790,2636637.0
4791,57041866.0
4792,1805884.0
4793,9304609.0
4794,3225000.0
4795,5979292.0
4796,2616503.0
4797,1021103568.0
4798,13204291.0
4799,57041866.0
4800,92823546.0
4801,7306.0
4802,21032267.0
4803,34664.0
4804,46264384.0
4805,35022.0
4806,11125849.0
4807,1083282.0
4808,194720.0
4809,31670620.0
4810,7406.0
4811,30524763.0
4812,28931401.0
4813,27635305.0
4814,3418141.0
4815,14560084.0
4816,2500000.0
4817,22175908.0
4818,10959475.0
4819,4000000.0
4820,38058335.0
4821,217201.0
4822,187349.0
4823,3537961.0
4824,23367586.0
4825,235483004.0
4826,21890845.0
4827,69823199.0
4828,33889159.0
4829,18755936.0
4830,1317657.0
4831,20275812.0
4832,16656125.0
4833,16554699.0
4834,3983997.0
4835,248000000.0
4836,190000.0
4837,205754447.0
4838,22921898.0
4839,31894.0
4840,1028570889.0
4841,21350.0
4842,97437106.0
4843,134748021.0
4844,8125592.0
4845,20079850.0
4846,44038000.0
4847,698491347.0
4848,754249.0
4849,280000000.0
4850,6834525.0
4851,147542.0
4852,3537961.0
4853,357852395.0
4854,1124445.0
4855,73174566.0
4856,76657000.0
4857,20275812.0
4858,74134790.0
4859,14393902.0
4860,586090727.0
4861,415252786.0
4862,40120144.0
4863,84785914.0
4864,153518974.0
4865,72179579.0
4866,102617.0
4867,189859560.0
4868,2620000.0
4869,11000000.0
4870,3775000.0
4871,40084041.0
4872,3106835.0
4873,7339398.0
4874,37962774.0
4875,85313124.0
4876,34742066.0
4877,57469467.0
4878,248000000.0
4879,36606743.0
4880,16810383.0
4881,25147055.0
4882,23450000.0
4883,13204291.0
4884,118338361.0
4885,33461269.0
4886,4600000.0
4887,15240456.0
4888,3537961.0
4889,538000.0
4890,611899420.0
4891,35610100.0
4892,25900.0
4893,14051384.0
4894,4040588.0
4895,46264384.0
4896,9600000.0
4897,10364904.0
4898,118338361.0
4899,4811525.0
4900,147080413.0
4901,185438673.0
4902,2750275.0
4903,85.0
4904,286140700.0
4905,35150960.0
4906,13983.0
4907,1021103568.0
4908,85446075.0
4909,117270765.0
4910,16829545.0
4911,142817992.0
4912,14110589.0
4913,10785801.0
4914,73180723.0
4915,102391382.0
4916,68929150.0
4917,3218666.0
4918,170268750.0
4919,73244881.0
4920,46201432.0
4921,97552050.0
4922,17519169.0
4923,8692426.0
4924,39340177.0
4925,250821495.0
4926,44695.0
4927,20045115.0
4928,11122090.0
4929,32709423.0
4930,36448200.0
4931,40239.0
4932,52761.0
4933,185438673.0
4934,16928137.0
4935,378858340.0
4936,7985929.0
4937,192816.0
4938,688510.0
4939,307076.0
4940,10000000.0
4941,44000000.0
4942,1697294.0
4943,25182929.0
4944,82466670.0
4945,1347747.0
4946,2200000.0
4947,1404.0
4948,2585639.0
4949,23000000.0
4950,141407024.0
4951,90614445.0
4952,11500000.0
4953,30199105.0
4954,41637263.0
4955,830129.0
4956,21134374.0
4957,107217396.0
4958,24078196.0
4959,56000000.0
4960,24078196.0
4961,211780824.0
4962,11449638.0
4963,2297493.0
4964,1108462.0
4965,1612100.0
4966,1238080.0
4967,58405313.0
4968,10113733.0
4969,989000.0
4970,3106835.0
4971,107196498.0
4972,65046687.0
4973,5979292.0
4974,13395939.0
4975,101300000.0
4976,56825.0
4977,180622424.0
4978,1110566.0
4979,11947954.0
4980,17654912.0
4981,25893810.0
4982,86758912.0
4983,7965.0
4984,39673162.0
4985,22678555.0
4986,5000000.0
4987,3692836.0
4988,3867000.0
4989,77516304.0
4990,5310554.0
4991,4100000.0
4992,177238796.0
4993,25893810.0
4994,91974818.0
4995,343786.0
4996,10652498.0
4997,53478166.0
4998,16217773.0
4999,58405313.0
5000,49554002.0
5001,206172544.0
5002,84785914.0
5003,106260000.0
5004,11130889.0
5005,100489151.0
5006,435000000.0
5007,5602431.0
5008,694713380.0
5009,50244700.0
5010,5476060.0
5011,10400000.0
5012,98159963.0
5013,13168027.0
5014,34533783.0
5015,25966555.0
5016,190458706.0
5017,13865435.0
5018,2850263.0
5019,58405313.0
5020,29355203.0
5021,921000.0
5022,141195658.0
5023,1300000.0
5024,285176741.0
5025,36565280.0
5026,195745823.0
5027,11087569.0
5028,18928871.0
5029,73648228.0
5030,28900000.0
5031,125400.0
5032,176885658.0
5033,1189612.0
5034,51000000.0
5035,147542.0
5036,1300000.0
5037,108047131.0
5038,498814908.0
5039,1406224.0
5040,5887457.0
5041,10000000.0
5042,66132626.0
5043,36606743.0
5044,162242962.0
5045,5979292.0
5046,21665468.0
5047,8033397.0
5048,447784.0
5049,56714147.0
5050,3418141.0
5051,164508066.0
5052,117698894.0
5053,44352417.0
5054,10541523.0
5055,34522221.0
5056,7185518.0
5057,11576431.0
5058,19738015.0
5059,17092453.0
5060,71561644.0
5061,6212282.0
5062,16136.0
5063,989000.0
5064,173965010.0
5065,11122090.0
5066,25000000.0
5067,8247943.0
5068,47000000.0
5069,37962774.0
5070,1124445.0
5071,330444045.0
5072,54674226.0
5073,1805884.0
5074,182857.0
5075,161000000.0
5076,25312387.0
5077,152930623.0
5078,179943.0
5079,24078196.0
5080,113244290.0
5081,8342132.0
5082,204940.0
5083,9069.0
5084,777423.0
5085,696681.0
5086,2861020.0
5087,10.0
5088,8362969.0
5089,6193901.0
5090,204940.0
5091,125586134.0
5092,48878502.0
5093,15134293.0
5094,23057115.0
5095,309492681.0
5096,72527595.0
5097,16928137.0
5098,300653.0
5099,4600000.0
5100,4417667.0
5101,393970.0
5102,14481606.0
5103,7965.0
5104,64350171.0
5105,126737428.0
5106,7399763.0
5107,1382462.0
5108,204940.0
5109,314195.0
5110,794452.0
5111,57881056.0
5112,59217789.0
5113,99303.0
5114,13129846.0
5115,4630045.0
5116,4557214.0
5117,210000000.0
5118,24332324.0
5119,2500000.0
5120,41232.0
5121,9771658.0
5122,77000000.0
5123,21134374.0
5124,13380561.0
5125,40239.0
5126,120000.0
5127,70136369.0
5128,645135.0
5129,4400000.0
5130,27053815.0
5131,43528634.0
5132,163670000.0
5133,474171806.0
5134,118338361.0
5135,196482882.0
5136,76657000.0
5137,100076342.0
5138,14000000.0
5139,157107755.0
5140,8574339.0
5141,74134790.0
5142,116643346.0
5143,23057115.0
5144,13551174.0
5145,2620000.0
5146,17000000.0
5147,14000.0
5148,9229401.0
5149,1113277.0
5150,305875730.0
5151,1028570889.0
5152,30353232.0
5153,46264384.0
5154,100525432.0
5155,2500000.0
5156,407778013.0
5157,171760.0
5158,7000000.0
5159,51148651.0
5160,12000000.0
5161,18663238.0
5162,30199105.0
5163,240159255.0
5164,14836.0
5165,17280326.0
5166,196482882.0
5167,1189612.0
5168,42776760.0
5169,239894.0
5170,9504139.0
5171,163733697.0
5172,33456317.0
5173,78309131.0
5174,13395939.0
5175,7000000.0
5176,2807390.0
5177,224511319.0
5178,1506249360.0
5179,1192322.0
5180,8220215.0
5181,306.0
5182,63215872.0
5183,105097.0
5184,2040920.0
5185,2225098.0
5186,21520719.0
5187,32788.0
5188,33579813.0
5189,231411584.0
5190,162242962.0
5191,171760.0
5192,170128460.0
5193,87528173.0
5194,100914445.0
5195,69411370.0
5196,43928932.0
5197,9600000.0
5198,36894225.0
5199,5844868.0
5200,2616503.0
5201,36690067.0
5202,3225000.0
5203,538000.0
5204,343786.0
5205,161001698.0
5206,11715321.0
5207,4129250.0
5208,59754601.0
5209,180274123.0
5210,77516304.0
5211,10000000.0
5212,36489888.0
5213,4634062.0
5214,148426.0
5215,19776159.0
5216,82719885.0
5217,3623330.0
5218,44349000.0
5219,6341684.0
5220,60527873.0
5221,7241180.0
5222,1796389.0
5223,39673162.0
5224,4.0
5225,2452566.0
5226,109862682.0
5227,5091888.0
5228,30127963.0
5229,14567883.0
5230,17277.0
5231,4417667.0
5232,15.0
5233,1942423.0
5234,8459458.0
5235,6819587.0
5236,91188905.0
5237,29762011.0
5238,12382362.0
5239,154864401.0
5240,441306145.0
5241,97542952.0
5242,14624826.0
5243,48298.0
5244,156844753.0
5245,373530.0
5246,17808.0
5247,32556119.0
5248,540152.0
5249,22200000.0
5250,103951461.0
5251,900689.0
5252,31894.0
5253,32788.0
5254,64227.0
5255,70200000.0
5256,13275000.0
5257,9500000.0
5258,2692037.0
5259,330444045.0
5260,18564613.0
5261,21284514.0
5262,6856989.0
5263,231411584.0
5264,25000000.0
5265,29355203.0
5266,2697930.0
5267,56825.0
5268,2807390.0
5269,390493908.0
5270,44065653.0
5271,4905000.0
5272,332000000.0
5273,1347988.0
5274,152036382.0
5275,46264384.0
5276,147214049.0
5277,64227.0
5278,1832541.0
5279,777423.0
5280,10000000.0
5281,1500000.0
5282,3000000.0
5283,22270.0
5284,2585639.0
5285,15704614.0
5286,76657000.0
5287,14202899.0
5288,355962.0
5289,60000000.0
5290,170268750.0
5291,209154322.0
5292,77737889.0
5293,230685453.0
5294,7778177.0
5295,1023784195.0
5296,2070806.0
5297,50068310.0
5298,171963386.0
5299,6933459.0
5300,10.0
5301,1548955.0
5302,4634062.0
5303,90508336.0
5304,60641.0
5305,5363000.0
5306,18928871.0
5307,201596308.0
5308,9016377.0
5309,1778391.0
5310,120455994.0
5311,2334228.0
5312,117698894.0
5313,631442092.0
5314,333000000.0
5315,307076.0
5316,11130889.0
5317,4469460.0
5318,45250.0
5319,117235147.0
5320,3665069.0
5321,48878502.0
5322,33053559.0
5323,171539887.0
5324,60641.0
5325,31063038.0
5326,9304609.0
5327,12342632.0
5328,54215416.0
5329,11000000.0
5330,117698894.0
5331,3833507.0
5332,6321392.0
5333,6916869.0
5334,17000000.0
5335,3897569.0
5336,11715321.0
5337,5310554.0
5338,107217396.0
5339,141195658.0
5340,1200398.0
5341,80049764.0
5342,188133322.0
5343,58853106.0
5344,352194034.0
5345,243000.0
5346,4811525.0
5347,9188.0
5348,32222567.0
5349,10018.0
5350,2346150.0
5351,97437106.0
5352,4000000.0
5353,56000000.0
5354,97542952.0
5355,48190704.0
5356,34710627.0
5357,10676194.0
5358,13092000.0
5359,3646994.0
5360,62771059.0
5361,49042224.0
5362,1.0
5363,12000000.0
5364,858591.0
5365,68106245.0
5366,27053815.0
5367,119772232.0
5368,1614266.0
5369,876688482.0
5370,11087569.0
5371,23367586.0
5372,435000000.0
5373,3646994.0
5374,140795793.0
5375,229736344.0
5376,225990978.0
5377,20719451.0
5378,15.0
5379,1519796.0
5380,6212282.0
5381,50159144.0
5382,60740827.0
5383,235432.0
5384,280000000.0
5385,161451538.0
5386,32846.0
5387,10400000.0
5388,280000000.0
5389,1822250.0
5390,28215918.0
5391,10652498.0
5392,16928137.0
5393,3091922.0
5394,17654912.0
5395,14393902.0
5396,307166834.0
5397,125400.0
5398,20719451.0
5399,9392.0
5400,2585639.0
5401,57330873.0
5402,85167639.0
5403,26589000.0
5404,25000.0
5405,4811525.0
5406,499168.0
5407,243843127.0
5408,435000000.0
5409,25035950.0
5410,598645.0
5411,21800302.0
5412,202000.0
5413,126150.0
5414,180274123.0
5415,120000000.0
5416,21133087.0
5417,90383208.0
5418,2260622.0
5419,320092.0
5420,20211394.0
5421,27092880.0
5422,41482207.0
5423,169852759.0
5424,27642707.0
5425,24377151.0
5426,22471595.0
5427,21300000.0
5428,27297451.0
5429,105834556.0
5430,105178561.0
5431,195312802.0
5432,160638883.0
5433,253625427.0
5434,147780440.0
5435,19910002.0
5436,10652498.0
5437,67642693.0
5438,34522221.0
5439,6500000.0
5440,40263020.0
5441,1250000.0
5442,188133322.0
5443,73648228.0
5444,147780440.0
5445,147780440.0
5446,152022101.0
5447,24600832.0
5448,51000000.0
5449,60965854.0
5450,939101.0
5451,28900000.0
5452,12277096.0
5453,147080413.0
5454,161451538.0
5455,187674.0
5456,2474000.0
5457,63215872.0
5458,194720.0
5459,300653.0
5460,1100000.0
5461,9392.0
5462,1100000.0
5463,1506249360.0
5464,25000.0
5465,61141030.0
5466,2636637.0
5467,6700000.0
5468,152930623.0
5469,8033397.0
5470,164508066.0
5471,357852395.0
5472,74558115.0
5473,5001655.0
5474,15400000.0
5475,22540359.0
5476,4192440.0
5477,5596708.0
5478,82719885.0
5479,160602194.0
5480,10785801.0
5481,1250000.0
5482,12008642.0
5483,1000000.0
5484,156844753.0
5485,4000000.0
5486,9700000.0
5487,362637473.0
5488,333000000.0
5489,11466088.0
5490,17000000.0
5491,157100845.0
5492,120000.0
5493,9304609.0
5494,31894.0
5495,77516304.0
5496,20256975.0
5497,57915972.0
5498,2225098.0
5499,180274123.0
5500,1440000.0
5501,4069826.0
5502,653951.0
5503,8026971.0
5504,117235147.0
5505,17277.0
5506,631442092.0
5507,96060858.0
5508,170268750.0
5509,50549107.0
5510,35348597.0
5511,26330482.0
5512,191185897.0
5513,152810.0
5514,132675402.0
5515,16700000.0
5516,62153.0
5517,164508066.0
5518,120000.0
5519,262797249.0
5520,3.0
5521,84500122.0
5522,331000.0
5523,850000000.0
5524,132511035.0
5525,13276953.0
5526,10130000.0
5527,43719.0
5528,69823199.0
5529,3162153.0
5530,276572938.0
5531,126463.0
5532,226286.0
5533,57059003.0
5534,1028570889.0
5535,4000000.0
5536,5873871.0
5537,4235151.0
5538,7022209.0
5539,201596308.0
5540,42333295.0
5541,320170008.0
5542,8125592.0
5543,2120439.0
5544,23000000.0
5545,235432.0
5546,19910002.0
5547,2003822.0
5548,1530216.0
5549,212385533.0
5550,22044277.0
5551,21722776.0
5552,28258060.0
5553,116400000.0
5554,17671101.0
5555,66468332.0
5556,6147.0
5557,3566225.0
5558,263920180.0
5559,4122748.0
5560,42160849.0
5561,21486757.0
5562,101646581.0
5563,10000000.0
5564,56825.0
5565,50504655.0
5566,51000000.0
5567,4417667.0
5568,23367586.0
5569,12000000.0
5570,34786960.0
5571,12342632.0
5572,18.0
5573,78382433.0
5574,985007.0
5575,2154540.0
5576,38748395.0
5577,15400000.0
5578,34327391.0
5579,13380561.0
5580,44566.0
5581,6819587.0
5582,39673161.0
5583,14051384.0
5584,46201432.0
5585,777423.0
5586,2070806.0
5587,11715321.0
5588,161451538.0
5589,73648228.0
5590,17011.0
5591,29355203.0
5592,7000000.0
5593,54215416.0
5594,53086.0
5595,102308889.0
5596,174578751.0
5597,36565280.0
5598,2297493.0
5599,3251794.0
5600,42160849.0
5601,41637263.0
5602,46471023.0
5603,87600000.0
5604,21750000.0
5605,137298489.0
5606,161834276.0
5607,50750000.0
5608,60965854.0
5609,15309302.0
5610,40105542.0
5611,69823199.0
5612,435000000.0
5613,39946780.0
5614,4417580.0
5615,79799880.0
5616,21134374.0
5617,164508066.0
5618,17000000.0
5619,32056467.0
5620,19510371.0
5621,119772232.0
5622,1982505.0
5623,77516304.0
5624,435000000.0
5625,6321392.0
5626,147315.0
5627,14051384.0
5628,15400000.0
5629,333011068.0
5630,253625427.0
5631,54819301.0
5632,18928871.0
5633,2697930.0
5634,13168027.0
5635,39340177.0
5636,25.0
5637,3384747.0
5638,180274123.0
5639,22642033.0
5640,17000000.0
5641,116980662.0
5642,2697930.0
5643,36611610.0
5644,209154322.0
5645,357852395.0
5646,300653.0
5647,5900000.0
5648,30353232.0
5649,34664.0
5650,80049764.0
5651,34100000.0
5652,5476060.0
5653,55707411.0
5654,90426405.0
5655,14051384.0
5656,374218673.0
5657,21300000.0
5658,126737428.0
5659,46488.0
5660,55707411.0
5661,34710627.0
5662,84785914.0
5663,5129058.0
5664,21520719.0
5665,39340177.0
5666,13130349.0
5667,14016568.0
5668,3960327.0
5669,20000000.0
5670,400062763.0
5671,754249.0
5672,2070806.0
5673,20117339.0
5674,3305592.0
5675,500000.0
5676,58840.0
5677,2636637.0
5678,212000000.0
5679,343786.0
5680,31584901.0
5681,1519557910.0
5682,17000000.0
5683,616801808.0
5684,138259062.0
5685,5979292.0
5686,8153677.0
5687,38748395.0
5688,17768757.0
5689,103166989.0
5690,1479042.0
5691,23875127.0
5692,758539785.0
5693,73326666.0
5694,51680201.0
5695,48911.0
5696,46152411.0
5697,9016377.0
5698,21000000.0
5699,8000000.0
5700,58405313.0
5701,4104962.0
5702,754249.0
5703,68411275.0
5704,1053788.0
5705,17432163.0
5706,243000.0
5707,21800302.0
5708,2891288.0
5709,9902115.0
5710,779820.0
5711,9250000.0
5712,134748021.0
5713,21665468.0
5714,20240128.0
5715,3200000.0
5716,126463.0
5717,11301649.0
5718,13835130.0
5719,36606743.0
5720,21133087.0
5721,178051587.0
5722,25000000.0
5723,10959475.0
5724,28200.0
5725,243000.0
5726,68106245.0
5727,222231186.0
5728,3537961.0
5729,170877916.0
5730,16554699.0
5731,41232.0
5732,9190819.0
5733,31000.0
5734,72179579.0
5735,2692037.0
5736,27200316.0
5737,8342132.0
5738,19165560.0
5739,519535.0
5740,310000000.0
5741,163733697.0
5742,51881013.0
5743,8266343.0
5744,13983.0
5745,17297244.0
5746,23727301.0
5747,18000.0
5748,157387195.0
5749,270000000.0
5750,80547866.0
5751,82150642.0
5752,4710749.0
5753,76932943.0
5754,19829957.0
5755,78309131.0
5756,11301649.0
5757,18948425.0
5758,966214.0
5759,11472454.0
5760,188126.0
5761,221295.0
5762,5989640.0
5763,244527583.0
5764,2585639.0
5765,17374595.0
5766,150816700.0
5767,73244881.0
5768,3665069.0
5769,709827462.0
5770,51000000.0
5771,16757163.0
5772,8888143.0
5773,470490832.0
5774,112462508.0
5775,18564088.0
5776,13168027.0
5777,262797249.0
5778,251171807.0
5779,214104620.0
5780,343786.0
5781,63781810.0
5782,26589000.0
5783,18928871.0
5784,15.0
5785,153518974.0
5786,16810383.0
5787,90565421.0
5788,25000000.0
5789,41637263.0
5790,124827316.0
5791,63833449.0
5792,17000000.0
5793,14743391.0
5794,119772232.0
5795,50068310.0
5796,1200398.0
5797,23000000.0
5798,25.0
5799,347451894.0
5800,1268395.0
5801,17000000.0
5802,18591272.0
5803,33053559.0
5804,331957105.0
5805,27634716.0
5806,83027924.0
5807,17654912.0
5808,56505065.0
5809,3566637.0
5810,4275.0
5811,188126.0
5812,87987055.0
5813,54586584.0
5814,52761.0
5815,240093.0
5816,14202899.0
5817,3.0
5818,11220670.0
5819,57096190.0
5820,21134374.0
5821,5000000.0
5822,147542.0
5823,147780440.0
5824,8613462.0
5825,1250000.0
5826,3099314.0
5827,42160849.0
5828,850000000.0
5829,100076342.0
5830,125728258.0
5831,13551174.0
5832,51416464.0
5833,5684789.0
5834,171760.0
5835,147542.0
5836,62771059.0
5837,23367586.0
5838,13983.0
5839,15395087.0
5840,5310554.0
5841,288752301.0
5842,38748395.0
5843,20000000.0
5844,1919197.0
5845,44057737.0
5846,45250.0
5847,28169671.0
5848,18195610.0
5849,2294357.0
5850,754249.0
5851,15369573.0
5852,5777916.0
5853,38159905.0
5854,19595031.0
5855,191185897.0
5856,20079850.0
5857,378858340.0
5858,8533973.0
5859,20158808.0
5860,57881056.0
5861,9188.0
5862,1919197.0
5863,73174566.0
5864,325756637.0
5865,191125.0
5866,47748.0
5867,1999955.0
5868,40400657.0
5869,173066.0
5870,680224.0
5871,133000000.0
5872,50548152.0
5873,17381942.0
5874,34664.0
5875,40346186.0
5876,102391382.0
5877,25.0
5878,330444045.0
5879,147214049.0
5880,114908830.0
5881,39340177.0
5882,347434178.0
5883,1919197.0
5884,1983204.0
5885,9190819.0
5886,46.0
5887,1301696.0
5888,17000000.0
5889,1110566.0
5890,16491080.0
5891,26199517.0
5892,46616067.0
5893,6483963.0
5894,78309131.0
5895,47748.0
5896,330444045.0
5897,2346150.0
5898,78874843.0
5899,36565280.0
5900,1822250.0
5901,123182.0
5902,1300000.0
5903,18928871.0
5904,53898845.0
5905,19412993.0
5906,85416905.0
5907,45250.0
5908,43928932.0
5909,62000000.0
5910,422.0
5911,4040588.0
5912,164508066.0
5913,50451307.0
5914,34710627.0
5915,21134374.0
5916,147780440.0
5917,392000694.0
5918,54674226.0
5919,3533227.0
5920,1337274.0
5921,62000000.0
5922,17768757.0
5923,11176469.0
5924,6856989.0
5925,331957105.0
5926,580527.0
5927,389503.0
5928,49111202.0
5929,3662459.0
5930,10011050.0
5931,67642693.0
5932,1501785.0
5933,26330482.0
5934,180949000.0
5935,196482882.0
5936,120000000.0
5937,10.0
5938,2692037.0
5939,75143.0
5940,113244290.0
5941,80000000.0
5942,156844753.0
5943,4069826.0
5944,61141030.0
5945,5240.0
5946,163000.0
5947,31894.0
5948,95000000.0
5949,13885802.0
5950,49554002.0
5951,91036760.0
5952,621951.0
5953,230698791.0
5954,2697930.0
5955,26199517.0
5956,5446000.0
5957,48027970.0
5958,330444045.0
5959,24362772.0
5960,1406224.0
5961,53447.0
5962,14000000.0
5963,278019771.0
5964,210819611.0
5965,48814909.0
5966,9868942.0
5967,876688482.0
5968,18662027.0
5969,50750000.0
5970,18197398.0
5971,11000000.0
5972,4750000.0
5973,611899420.0
5974,8125592.0
5975,2697930.0
5976,621951.0
5977,50673078.0
5978,1262886337.0
5979,2804874.0
5980,886686817.0
5981,4630045.0
5982,196482882.0
5983,5310554.0
5984,33889159.0
5985,97437106.0
5986,1373728.0
5987,51000000.0
5988,116400000.0
5989,2500000.0
5990,264118201.0
5991,3960327.0
5992,57891803.0
5993,117760134.0
5994,386749.0
5995,29251596.0
5996,72527595.0
5997,2128186.0
5998,709827462.0
5999,100202.0
6000,15992615.0
6001,741766.0
6002,1718328.0
6003,22678555.0
6004,5923044.0
6005,1494399.0
6006,26010864.0
6007,20000000.0
6008,15429177.0
6009,95149435.0
6010,23083334.0
6011,48878502.0
6012,31609243.0
6013,164508066.0
6014,665450.0
6015,17953778.0
6016,153698625.0
6017,64227.0
6018,1317657.0
6019,71904.0
6020,1234254.0
6021,18492362.0
6022,14000000.0
6023,5000000.0
6024,1.0
6025,25893810.0
6026,56702901.0
6027,19905359.0
6028,91188905.0
6029,21300000.0
6030,362637473.0
6031,133432856.0
6032,1100000.0
6033,27092880.0
6034,1079726.0
6035,205366737.0
6036,11000000.0
6037,8362969.0
6038,4275.0
6039,23042200.0
6040,21284514.0
6041,330579719.0
6042,31894.0
6043,211780824.0
6044,538000.0
6045,50000000.0
6046,1.0
6047,80768.0
6048,7339398.0
6049,24078196.0
6050,3206713.0
6051,100.0
6052,84601681.0
6053,2012927.0
6054,25000000.0
6055,4129250.0
6056,49002684.0
6057,3923970.0
6058,62000000.0
6059,9450897.0
6060,8613462.0
6061,130786397.0
6062,161410.0
6063,105200903.0
6064,106498.0
6065,13092000.0
6066,38748395.0
6067,87404651.0
6068,645135.0
6069,136159423.0
6070,330444045.0
6071,2585639.0
6072,13168027.0
6073,25000000.0
6074,1189612.0
6075,4910682.0
6076,21567853.0
6077,1751330.0
6078,82150642.0
6079,407778013.0
6080,320092.0
6081,500000.0
6082,20000000.0
6083,158733820.0
6084,11715321.0
6085,27187375.0
6086,14000.0
6087,153083102.0
6088,76578911.0
6089,3202000.0
6090,403170142.0
6091,1469.0
6092,14000000.0
6093,19472057.0
6094,170268750.0
6095,29252978.0
6096,17768757.0
6097,98410061.0
6098,15379253.0
6099,30102717.0
6100,495303.0
6101,250288523.0
6102,35078241.0
6103,2636637.0
6104,170832.0
6105,4385312.0
6106,3106835.0
6107,331000.0
6108,81452156.0
6109,260354.0
6110,153518974.0
6111,14353.0
6112,70.0
6113,51000000.0
6114,141591324.0
6115,56702901.0
6116,100544.0
6117,27634716.0
6118,133949270.0
6119,141047179.0
6120,46152411.0
6121,9000000.0
6122,73174566.0
6123,500000.0
6124,453079.0
6125,46474.0
6126,9012000.0
6127,596349.0
6128,164508066.0
6129,6263883.0
6130,10676194.0
6131,596349.0
6132,989000.0
6133,32222567.0
6134,119772232.0
6135,123384128.0
6136,263920180.0
6137,109502303.0
6138,5777916.0
6139,961000000.0
6140,23570541.0
6141,875386.0
6142,6000000.0
6143,300859.0
6144,11750000.0
6145,3317662.0
6146,92823546.0
6147,19478106.0
6148,2042530.0
6149,62771059.0
6150,1123746996.0
6151,5809330.0
6152,1004558444.0
6153,6933459.0
6154,3790493.0
6155,330444045.0
6156,217201.0
6157,209696.0
6158,73648228.0
6159,21722776.0
6160,30471.0
6161,27187375.0
6162,1938.0
6163,5438927.0
6164,23570541.0
6165,3646994.0
6166,90614445.0
6167,11403529.0
6168,6174491.0
6169,38307627.0
6170,151559.0
6171,76000000.0
6172,852336.0
6173,3000000.0
6174,15502112.0
6175,292279.0
6176,13168027.0
6177,54674226.0
6178,64227.0
6179,355237933.0
6180,93282604.0
6181,27297451.0
6182,263920180.0
6183,292279.0
6184,1004558444.0
6185,11642254.0
6186,1124445.0
6187,126737428.0
6188,24188922.0
6189,9234510.0
6190,229400000.0
6191,300859.0
6192,505000000.0
6193,1530216.0
6194,2070806.0
6195,2452566.0
6196,51973029.0
6197,48298.0
6198,105200903.0
6199,616801808.0
6200,16928137.0
6201,5363000.0
6202,170268750.0
6203,407778013.0
6204,161410.0
6205,12065892.0
6206,53898845.0
6207,16374328.0
6208,50100000.0
6209,3832228.0
6210,3.0
6211,121463226.0
6212,101300000.0
6213,10959475.0
6214,16337881.0
6215,103166989.0
6216,6819587.0
6217,34664.0
6218,6933459.0
6219,6819587.0
6220,13102295.0
6221,6834525.0
6222,5777916.0
6223,133432856.0
6224,23000000.0
6225,210819611.0
6226,101300000.0
6227,957240.0
6228,230069.0
6229,6321392.0
6230,18591272.0
6231,73648228.0
6232,453079.0
6233,78000586.0
6234,41637263.0
6235,123384128.0
6236,65046687.0
6237,11540607.0
6238,200406.0
6239,159773545.0
6240,549368315.0
6241,6321392.0
6242,44057737.0
6243,21486757.0
6244,5446000.0
6245,9221.0
6246,8000000.0
6247,1123746996.0
6248,7800000.0
6249,10000000.0
6250,6916869.0
6251,141591324.0
6252,22471595.0
6253,31179516.0
6254,137298489.0
6255,4040588.0
6256,11301649.0
6257,95673607.0
6258,1469.0
6259,3923970.0
6260,49042224.0
6261,54249294.0
6262,42700000.0
6263,9600000.0
6264,1258000.0
6265,1751330.0
6266,1829917.0
6267,31670620.0
6268,235432.0
6269,330444045.0
6270,13395939.0
6271,196482882.0
6272,32788.0
6273,278300000.0
6274,169852759.0
6275,13276953.0
6276,47748.0
6277,26888376.0
6278,3261638.0
6279,11130889.0
6280,2891288.0
6281,2620000.0
6282,660940780.0
6283,27122040.0
6284,75715436.0
6285,18704595.0
6286,9188.0
6287,33697647.0
6288,137298489.0
6289,235666219.0
6290,7406.0
6291,93282604.0
6292,49554002.0
6293,698491347.0
6294,14697005.0
6295,205366737.0
6296,16000000.0
6297,68729358.0
6298,6347072.0
6299,1622164.0
6300,17280326.0
6301,20566327.0
6302,1406224.0
6303,17519169.0
6304,59612888.0
6305,116672912.0
6306,136150434.0
6307,105097.0
6308,17000000.0
6309,11449638.0
6310,36606743.0
6311,170000.0
6312,7778177.0
6313,77516304.0
6314,11341016.0
6315,4719695.0
6316,73244881.0
6317,32287044.0
6318,163670000.0
6319,107217396.0
6320,694438.0
6321,158468292.0
6322,4600000.0
6323,770706.0
6324,2506446.0
6325,278300000.0
6326,1277401.0
6327,5809330.0
6328,5684789.0
6329,31063038.0
6330,2600000.0
6331,113244290.0
6332,17277.0
6333,2033165.0
6334,126.0
6335,85167639.0
6336,13275000.0
6337,58405313.0
6338,1606624.0
6339,57041866.0
6340,750000.0
6341,37641.0
6342,126737428.0
6343,8247943.0
6344,24902723.0
6345,15240456.0
6346,47267001.0
6347,36779296.0
6348,21830957.0
6349,133949270.0
6350,2340.0
6351,134748021.0
6352,109502303.0
6353,5000000.0
6354,2346150.0
6355,67821.0
6356,49042224.0
6357,3200000.0
6358,41098065.0
6359,13022756.0
6360,147315.0
6361,205754447.0
6362,21621000.0
6363,6834525.0
6364,215576.0
6365,116672912.0
6366,985007.0
6367,14481606.0
6368,20566327.0
6369,5979292.0
6370,163733697.0
6371,10000000.0
6372,51416464.0
6373,20000000.0
6374,13380561.0
6375,351692268.0
6376,9012000.0
6377,58510.0
6378,14000000.0
6379,68514844.0
6380,12534961.0
6381,716392705.0
6382,185260553.0
6383,100525432.0
6384,60965854.0
6385,29326868.0
6386,403170142.0
6387,10759.0
6388,694497.0
6389,3106835.0
6390,1400000.0
6391,11567217.0
6392,3566637.0
6393,262797249.0
6394,68514844.0
6395,3418141.0
6396,13983.0
6397,9138338.0
6398,1108462.0
6399,37641.0
6400,171760.0
6401,18591272.0
6402,11220670.0
6403,126.0
6404,29010817.0
6405,8685526.0
6406,2736000.0
6407,103166989.0
6408,30551495.0
6409,68106245.0
6410,5809330.0
6411,230069.0
6412,900000.0
6413,24362772.0
6414,716392705.0
6415,10018.0
6416,1787926.0
6417,190458706.0
6418,50451307.0
6419,37664855.0
6420,20158808.0
6421,39673162.0
6422,41232.0
6423,23202734.0
6424,20158808.0
6425,42333295.0
6426,18124262.0
6427,45250.0
6428,4864560.0
6429,77516304.0
6430,114908830.0
6431,207515725.0
6432,100230832.0
6433,106260000.0
6434,26488734.0
6435,12434778.0
6436,98185582.0
6437,3537961.0
6438,73326666.0
6439,18948425.0
6440,23367586.0
6441,18492362.0
6442,13000000.0
6443,248000000.0
6444,3554460.0
6445,331957105.0
6446,68514844.0
6447,147214049.0
6448,3960327.0
6449,3305592.0
6450,16656125.0
6451,3566225.0
6452,22540359.0
6453,58405313.0
6454,48878502.0
6455,20719451.0
6456,15500000.0
6457,330444045.0
6458,8674093.0
6459,93600000.0
6460,110000000.0
6461,19165560.0
6462,192330738.0
6463,331000.0
6464,36000000.0
6465,60328000.0
6466,5809330.0
6467,2750275.0
6468,694438.0
6469,453079.0
6470,1406224.0
6471,14904.0
6472,18492362.0
6473,3665069.0
6474,2802459.0
6475,3225000.0
6476,384335608.0
6477,30536013.0
6478,5129058.0
6479,22678555.0
6480,116400000.0
6481,38058335.0
6482,1189612.0
6483,580527.0
6484,214104620.0
6485,60965854.0
6486,1305887.0
6487,87840042.0
6488,41637263.0
6489,7406.0
6490,238073.0
6491,32000000.0
6492,10016934.0
6493,4601043.0
6494,121059225.0
6495,13129846.0
6496,415440673.0
6497,660940780.0
6498,27053815.0
6499,19510371.0
6500,126.0
6501,14947.0
6502,38502340.0
6503,59217789.0
6504,25000000.0
6505,35856053.0
6506,3692836.0
6507,22707064.0
6508,178051587.0
6509,2043704.0
6510,18315000.0
6511,13101672.0
6512,190000.0
6513,40940662.0
6514,5777916.0
6515,716392705.0
6516,5080409.0
6517,76657000.0
6518,10000000.0
6519,270000000.0
6520,401421.0
6521,457363168.0
6522,13551174.0
6523,14624826.0
6524,31327899.0
6525,20000000.0
6526,22678555.0
6527,966214.0
6528,117629.0
6529,100345.0
6530,127666415.0
6531,8362969.0
6532,23598.0
6533,106498.0
6534,448000000.0
6535,3960327.0
6536,4073489.0
6537,58620973.0
6538,163670000.0
6539,224511319.0
6540,165615285.0
6541,191185897.0
6542,14624826.0
6543,10474.0
6544,1862805.0
6545,1675706.0
6546,132511035.0
6547,100.0
6548,3533227.0
6549,85416905.0
6550,59217789.0
6551,28931401.0
6552,2297493.0
6553,12000.0
6554,33889159.0
6555,56574.0
6556,147780440.0
6557,32846.0
6558,57284237.0
6559,43848069.0
6560,288500217.0
6561,15240456.0
6562,63781810.0
6563,27200000.0
6564,13835130.0
6565,5809330.0
6566,48878502.0
6567,11576431.0
6568,59217789.0
6569,10.0
6570,54674226.0
6571,103166989.0
6572,14353.0
6573,11403529.0
6574,17185632.0
6575,25900.0
6576,12355798.0
6577,25000000.0
6578,22044277.0
6579,46264384.0
6580,41232.0
6581,4634062.0
6582,52164.0
6583,263635.0
6584,500000.0
6585,74134790.0
6586,14010832.0
6587,1124445.0
6588,1113277.0
6589,48418160.0
6590,309492681.0
6591,10409377.0
6592,93525586.0
6593,36779296.0
6594,505000000.0
6595,9833553.0
6596,207515725.0
6597,17487531.0
6598,17092453.0
6599,21000000.0
6600,32846.0
6601,422.0
6602,631442092.0
6603,48814909.0
6604,12008642.0
6605,47267001.0
6606,2861020.0
6607,48190704.0
6608,4542.0
6609,1600000.0
6610,30668.0
6611,16000000.0
6612,871368364.0
6613,333000000.0
6614,164508066.0
6615,15.0
6616,170268750.0
6617,212385533.0
6618,39300000.0
6619,2616503.0
6620,29326868.0
6621,27187653.0
6622,332000000.0
6623,142337240.0
6624,105200903.0
6625,114830111.0
6626,33461269.0
6627,441306145.0
6628,404.0
6629,15179302.0
6630,20240128.0
6631,49579269.0
6632,7218340.0
6633,10000000.0
6634,16810383.0
6635,9190819.0
6636,176070171.0
6637,212385533.0
6638,8000000.0
6639,3878993.0
6640,14393902.0
6641,214104620.0
6642,262797249.0
6643,168180.0
6644,4557214.0
6645,4634062.0
6646,70136369.0
6647,21300000.0
6648,8613462.0
6649,5794184.0
6650,1250000.0
6651,68729358.0
6652,4800080.0
6653,754249.0
6654,95673607.0
6655,231411584.0
6656,48720000.0
6657,116980662.0
6658,1000000.0
6659,25000.0
6660,125.0
6661,396003.0
6662,1305195.0
6663,435000000.0
6664,3623330.0
6665,2012927.0
6666,12534961.0
6667,171539887.0
6668,1530216.0
6669,76657000.0
6670,15240456.0
6671,40272135.0
6672,10878107.0
6673,210819611.0
6674,716392705.0
6675,57284237.0
6676,1347747.0
6677,401421.0
6678,36000000.0
6679,331957105.0
6680,20256975.0
6681,1506249360.0
6682,9304609.0
6683,260354.0
6684,34664.0
6685,129795554.0
6686,1133031.0
6687,54586584.0
6688,5684789.0
6689,1317657.0
6690,205754447.0
6691,204.0
6692,419651413.0
6693,51881013.0
6694,2106557.0
6695,40940662.0
6696,42792561.0
6697,1258000.0
6698,6375979.0
6699,164508066.0
6700,311312624.0
6701,8555008.0
6702,413454.0
6703,1500000.0
6704,401421.0
6705,77000000.0
6706,48878502.0
6707,34967437.0
6708,3983997.0
6709,2400000.0
6710,49627779.0
6711,2725258.0
6712,50068310.0
6713,939101.0
6714,13983.0
6715,28400000.0
6716,64350171.0
6717,346864462.0
6718,7022209.0
6719,59612888.0
6720,1.0
6721,95673607.0
6722,14400000.0
6723,78309131.0
6724,19510371.0
6725,7778177.0
6726,69823199.0
6727,3537961.0
6728,22886222.0
6729,1530216.0
6730,2275557.0
6731,120620.0
6732,33082548.0
6733,103911669.0
6734,42000000.0
6735,86758912.0
6736,143597.0
6737,598645.0
6738,34664.0
6739,13101672.0
6740,269823.0
6741,15425.0
6742,11466088.0
6743,229736344.0
6744,23598.0
6745,33579813.0
6746,333000000.0
6747,6174491.0
6748,2691899.0
6749,10000000.0
6750,314195.0
6751,1500000.0
6752,113020255.0
6753,2200000.0
6754,18552460.0
6755,6263883.0
6756,196482882.0
6757,8135031.0
6758,24078196.0
6759,28931401.0
6760,10903846.0
6761,27400000.0
6762,4314688.0
6763,65046687.0
6764,218626.0
6765,119269486.0
6766,1500000.0
6767,57915972.0
6768,93525586.0
6769,11000000.0
6770,142817992.0
6771,42160849.0
6772,23570541.0
6773,20381995.0
6774,871368364.0
6775,325756637.0
6776,13102295.0
6777,213954274.0
6778,102984862.0
6779,39946780.0
6780,17654912.0
6781,29326868.0
6782,170128460.0
6783,59389433.0
6784,73000.0
6785,22200000.0
6786,9713500.0
6787,9234510.0
6788,187349.0
6789,90508336.0
6790,3301446.0
6791,48878502.0
6792,346864462.0
6793,69823199.0
6794,31911598.0
6795,125.0
6796,435000000.0
6797,93600000.0
6798,97837138.0
6799,1234254.0
6800,182379278.0
6801,788241776.0
6802,65088797.0
6803,196482882.0
6804,3.0
6805,11500000.0
6806,24078196.0
6807,16374328.0
6808,396003.0
6809,213954274.0
6810,4469460.0
6811,61489265.0
6812,27634716.0
6813,285176741.0
6814,3091922.0
6815,6585516.0
6816,1300000.0
6817,119919.0
6818,65335.0
6819,18928871.0
6820,270000000.0
6821,147214049.0
6822,40239.0
6823,30.0
6824,195745823.0
6825,152036382.0
6826,21170563.0
6827,3091922.0
6828,989000.0
6829,235432.0
6830,23202734.0
6831,13555988.0
6832,57469467.0
6833,6272403.0
6834,46264384.0
6835,176997168.0
6836,15429177.0
6837,211780824.0
6838,29235353.0
6839,8200000.0
6840,21888598.0
6841,6860853.0
6842,21722776.0
6843,2692037.0
6844,48093211.0
6845,25000000.0
6846,133432856.0
6847,5100000.0
6848,26330482.0
6849,5129058.0
6850,47042000.0
6851,230698791.0
6852,6263883.0
6853,21520719.0
6854,3916303.0
6855,23367586.0
6856,192816.0
6857,2627209.0
6858,1893139.0
6859,86175291.0
6860,204940.0
6861,21800302.0
6862,97837138.0
6863,660940780.0
6864,6500000.0
6865,1189612.0
6866,188441614.0
6867,1000000.0
6868,1519557910.0
6869,41205099.0
6870,31815.0
6871,24769466.0
6872,12065892.0
6873,28900000.0
6874,23000000.0
6875,7185518.0
6876,10442808.0
6877,19738015.0
6878,3554460.0
6879,1382462.0
6880,9000000.0
6881,179000.0
6882,98159963.0
6883,21284514.0
6884,29355203.0
6885,6000000.0
6886,1000000.0
6887,231411584.0
6888,7227038.0
6889,1046166.0
6890,83027924.0
6891,21284514.0
6892,132820716.0
6893,116643346.0
6894,34786960.0
6895,14363400.0
6896,52164.0
6897,202000.0
6898,100489151.0
6899,1548955.0
6900,173965010.0
6901,163670000.0
6902,34664.0
6903,81452156.0
6904,307166834.0
6905,21284514.0
6906,188133322.0
6907,3305592.0
6908,10499694.0
6909,9190819.0
6910,76000000.0
6911,11000000.0
6912,54600000.0
6913,786636033.0
6914,171539887.0
6915,27200000.0
6916,26488734.0
6917,1506249360.0
6918,114908830.0
6919,126.0
6920,178051587.0
6921,258022233.0
6922,3000000.0
6923,5262047.0
6924,87600000.0
6925,161000000.0
6926,10499694.0
6927,5000000.0
6928,46152411.0
6929,156822020.0
6930,222231186.0
6931,26488734.0
6932,24078196.0
6933,143597.0
6934,13395939.0
6935,57252.0
6936,3696232.0
6937,102000000.0
6938,17000000.0
6939,80768.0
6940,229400000.0
6941,69823199.0
6942,455815.0
6943,45250.0
6944,80154140.0
6945,2616503.0
6946,54586584.0
6947,10000000.0
6948,2627209.0
6949,119772232.0
6950,209154322.0
6951,2691899.0
6952,3485127.0
6953,9250000.0
6954,2474000.0
6955,4001121.0
6956,20240128.0
6957,300653.0
6958,18591272.0
6959,3833507.0
6960,16980098.0
6961,10409377.0
6962,176070171.0
6963,18814720.0
6964,125728258.0
6965,1929168.0
6966,505000000.0
6967,176885658.0
6968,589304.0
6969,12520799.0
6970,3305592.0
6971,132820716.0
6972,8403433.0
6973,1037335.0
6974,107217396.0
6975,21520719.0
6976,38862717.0
6977,4557214.0
6978,49042224.0
6979,320145693.0
6980,21800302.0
6981,3090862.0
6982,17380126.0
6983,18.0
6984,13395939.0
6985,362637473.0
6986,14048372.0
6987,7778177.0
6988,190000.0
6989,31000000.0
6990,164508066.0
6991,10.0
6992,8125592.0
6993,25.0
6994,12277096.0
6995,53208180.0
6996,39340177.0
6997,41232.0
6998,300653.0
6999,7266209.0
7000,2303.0
7001,7399763.0
7002,79.0
7003,101191884.0
7004,300228084.0
7005,12706478.0
7006,18.0
7007,12382362.0
7008,58662452.0
7009,13200241.0
7010,6754898.0
7011,7965.0
7012,18564613.0
7013,7399763.0
7014,12277096.0
7015,230884728.0
7016,227817248.0
7017,18000000.0
7018,46264384.0
7019,73648228.0
7020,141047179.0
7021,1053788.0
7022,40272135.0
7023,7237794.0
7024,10755447.0
7025,4000000.0
7026,206172544.0
7027,44806783.0
7028,90508336.0
7029,42333295.0
7030,23057115.0
7031,54674226.0
7032,62000000.0
7033,10018.0
7034,16656125.0
7035,3099314.0
7036,5249225.0
7037,46264384.0
7038,16656125.0
7039,5446000.0
7040,47410000.0
7041,17425000.0
7042,278300000.0
7043,18564613.0
7044,20275812.0
7045,18814720.0
7046,87987055.0
7047,205754447.0
7048,11220670.0
7049,109862682.0
7050,9833553.0
7051,60726164.0
7052,25480490.0
7053,31000000.0
7054,13555988.0
7055,77737889.0
7056,167977596.0
7057,2692037.0
7058,12706478.0
7059,21032267.0
7060,13101672.0
7061,36448200.0
7062,85306374.0
7063,6347072.0
7064,171963386.0
7065,48878502.0
7066,8685526.0
7067,1347988.0
7068,48878502.0
7069,42160849.0
7070,163733697.0
7071,78000586.0
7072,18.0
7073,13130349.0
7074,26144.0
7075,791830.0
7076,37000000.0
7077,25000000.0
7078,6212282.0
7079,10.0
7080,5900000.0
7081,204940.0
7082,4385312.0
7083,2225098.0
7084,10652498.0
7085,19125401.0
7086,87600000.0
7087,174578751.0
7088,29918745.0
7089,10229331.0
7090,24078196.0
7091,1234254.0
7092,788241776.0
7093,50750000.0
7094,85306374.0
7095,37473.0
7096,248000000.0
7097,178051587.0
7098,35057696.0
7099,14051384.0
7100,21486757.0
7101,117235147.0
7102,6321392.0
7103,126150.0
7104,20719451.0
7105,14051384.0
7106,22896728.0
7107,86175291.0
7108,49042224.0
7109,35485608.0
7110,90508336.0
7111,2225098.0
7112,356830601.0
7113,188441614.0
7114,2697930.0
7115,939101.0
7116,4352094.0
7117,331000.0
7118,5809330.0
7119,11403529.0
7120,401421.0
7121,23450000.0
7122,1305887.0
7123,6347072.0
7124,435000000.0
7125,245066411.0
7126,369330363.0
7127,58620973.0
7128,36690067.0
7129,11000000.0
7130,14697005.0
7131,741766.0
7132,1600000.0
7133,91188905.0
7134,53478166.0
7135,330444045.0
7136,35485608.0
7137,77516304.0
7138,9012000.0
7139,216166.0
7140,137298489.0
7141,12706478.0
7142,132675402.0
7143,72070731.0
7144,1500000.0
7145,17654912.0
7146,179000.0
7147,270000000.0
7148,29355203.0
7149,1524966.0
7150,8.0
7151,10016934.0
7152,307166834.0
7153,11576431.0
7154,216614388.0
7155,473226958.0
7156,1500000.0
7157,25480490.0
7158,5310554.0
7159,31649.0
7160,1332231.0
7161,51680201.0
7162,470490832.0
7163,2850263.0
7164,17277.0
7165,192330738.0
7166,47410000.0
7167,580527.0
7168,1031243.0
7169,37641.0
7170,5979292.0
7171,10462500.0
7172,17671101.0
7173,21300000.0
7174,1046166.0
7175,3106835.0
7176,49084830.0
7177,332000000.0
7178,120207127.0
7179,118338361.0
7180,5099316.0
7181,194720.0
7182,30353232.0
7183,31894.0
7184,1519557910.0
7185,46264384.0
7186,35485608.0
7187,235483004.0
7188,56308881.0
7189,21134374.0
7190,8690429.0
7191,7406.0
7192,100489151.0
7193,43579163.0
7194,549368315.0
7195,100491683.0
7196,21028755.0
7197,20342161.0
7198,23570541.0
7199,36489888.0
7200,7266209.0
7201,28400000.0
7202,22750363.0
7203,4557214.0
7204,229736344.0
7205,214104620.0
7206,39340177.0
7207,631442092.0
7208,21409028.0
7209,10000000.0
7210,973525.0
7211,4878242.0
7212,9317021.0
7213,21409028.0
7214,158468292.0
7215,140795793.0
7216,176885658.0
7217,221295.0
7218,76514050.0
7219,5000000.0
7220,18195610.0
7221,84500122.0
7222,1053788.0
7223,143597.0
7224,11220670.0
7225,680224.0
7226,14624826.0
7227,107196498.0
7228,14624826.0
7229,36606743.0
7230,18591272.0
7231,32222567.0
7232,250288523.0
7233,60000000.0
7234,886686817.0
7235,14054361.0
7236,30353232.0
7237,3665069.0
7238,25147055.0
7239,531865000.0
7240,87987055.0
7241,13395939.0
7242,260354.0
7243,59612888.0
7244,59217789.0
7245,8533973.0
7246,1.0
7247,53478166.0
7248,153518974.0
7249,3418141.0
7250,5790448.0
7251,14054361.0
7252,5967038.0
7253,21722776.0
7254,146900000.0
7255,7778177.0
7256,19510371.0
7257,1000000.0
7258,30411183.0
7259,1548955.0
7260,33053559.0
7261,209154322.0
7262,532269.0
7263,32483410.0
7264,45431.0
7265,22642033.0
7266,36606743.0
7267,151559.0
7268,18112929.0
7269,50068310.0
7270,227817248.0
7271,2610000.0
7272,4350774.0
7273,2620000.0
7274,83027924.0
7275,4491986.0
7276,750000.0
7277,58662452.0
7278,698491347.0
7279,105200903.0
7280,190458706.0
7281,41382841.0
7282,15691192.0
7283,182379278.0
7284,28400000.0
7285,116980662.0
7286,229400000.0
7287,31179516.0
7288,34710627.0
7289,93375151.0
7290,78874843.0
7291,205703818.0
7292,1400000.0
7293,14980005.0
7294,14717854.0
7295,333000000.0
7296,28460702.0
7297,231411584.0
7298,53086.0
7299,2225098.0
7300,2681345.0
7301,12355798.0
7302,6861102.0
7303,840000.0
7304,10785801.0
7305,33082548.0
7306,1028570889.0
7307,1110566.0
7308,25.0
7309,76578641.0
7310,21830957.0
7311,39768000.0
7312,17218080.0
7313,10166502.0
7314,4069090.0
7315,26055.0
7316,147214049.0
7317,13269963.0
7318,190458706.0
7319,11806119.0
7320,171539887.0
7321,3.0
7322,2891288.0
7323,12036149.0
7324,368744044.0
7325,243843127.0
7326,206172544.0
7327,939101.0
7328,28258060.0
7329,57881056.0
7330,114178613.0
7331,30353232.0
7332,15400000.0
7333,49100000.0
7334,3983997.0
7335,136150434.0
7336,103911669.0
7337,7185518.0
7338,5496951.0
7339,42886719.0
7340,494506.0
7341,989000.0
7342,120455994.0
7343,5596708.0
7344,7778177.0
7345,3956913.0
7346,14000.0
7347,10016934.0
7348,3537961.0
7349,74608570.0
7350,21133087.0
7351,11341016.0
7352,671.0
7353,90508336.0
7354,1622164.0
7355,46152411.0
7356,163670000.0
7357,6000000.0
7358,4630045.0
7359,19165560.0
7360,6819587.0
7361,1334173.0
7362,330444045.0
7363,748806957.0
7364,3923970.0
7365,29000000.0
7366,4634062.0
7367,10224116.0
7368,373530.0
7369,147780440.0
7370,70200000.0
7371,20666.0
7372,330444045.0
7373,300257475.0
7374,147214049.0
7375,41744718.0
7376,7778177.0
7377,2627209.0
7378,20560255.0
7379,63781810.0
7380,23570541.0
7381,14947.0
7382,25000000.0
7383,499168.0
7384,13000000.0
7385,129042871.0
7386,61141030.0
7387,1547397.0
7388,4069826.0
7389,500000.0
7390,35022.0
7391,161410.0
7392,12008642.0
7393,378858340.0
7394,30199105.0
7395,6819587.0
7396,85306374.0
7397,260354.0
7398,50504655.0
